-- shared values

INSERT INTO RequirementSets(RequirementSetId, RequirementSetType) VALUES
('SLTH_ON_SAME_TILE', 'REQUIREMENTSET_TEST_ALL');

INSERT INTO RequirementSetRequirements(RequirementSetId, RequirementId) VALUES
('SLTH_ON_SAME_TILE', 'SLTH_ON_SAME_TILE_REQ');

INSERT INTO Requirements(RequirementId, RequirementType) VALUES
('SLTH_ON_SAME_TILE_REQ', 'REQUIREMENT_PLOT_ADJACENT_TO_OWNER');

INSERT INTO RequirementArguments(RequirementId, Name, Value) VALUES
('SLTH_ON_SAME_TILE_REQ', 'MaxDistance', 0),
('SLTH_ON_SAME_TILE_REQ', 'MinDistance', 0);

--  first
INSERT INTO Types(Type, Kind) VALUES ('FORMATION_CLASS_SLTH', 'KIND_FORMATION_CLASS'),
                                     ('SLTH_UNIT', 'KIND_UNIT'),
                                     ('ABILITY_SLTH_UNIT', 'KIND_ABILITY'),
                                     ('ABILITY_SLTH_UNIT_ATTACH', 'KIND_ABILITY');

INSERT INTO UnitFormationClasses(FormationClassType, Name) VALUES ('FORMATION_CLASS_SLTH', 'LOC_FORMATION_CLASS_SLTH');

INSERT INTO Units(UnitType, IgnoreMoves, Stackable, BaseMoves, FormationClass, Description, Name, Combat, PurchaseYield, CanCapture, PromotionClass, Cost, BaseSightRange, Domain) VALUES
('SLTH_UNIT', '0', '0', '1', 'FORMATION_CLASS_SLTH', 'LOC_DESCRIPTION', 'SEVEN_LEAGUE_BOOTS', '4', 'YIELD_GOLD', 1, 'PROMOTION_CLASS_RECON', '60', '2', 'DOMAIN_LAND');

INSERT INTO UnitCaptures(CapturedUnitType, BecomesUnitType) VALUES
('SLTH_UNIT', 'SLTH_UNIT');

INSERT INTO TypeTags(Type, Tag) VALUES
('SLTH_UNIT', 'CLASS_SLTH_UNIT'),
('SLTH_UNIT', 'CLASS_SUPPORT'),
('SLTH_UNIT', 'CLASS_ALL_ERAS'),
('ABILITY_SLTH_UNIT_ATTACH', 'CLASS_SLTH_UNIT'),
('ABILITY_SLTH_UNIT', 'CLASS_RECON'),
('ABILITY_SLTH_UNIT', 'CLASS_MELEE'),
('ABILITY_SLTH_UNIT', 'CLASS_RANGED'),
('ABILITY_SLTH_UNIT', 'CLASS_ANTI_CAVALRY'),
('ABILITY_SLTH_UNIT', 'CLASS_LIGHT_CAVALRY'),
('ABILITY_SLTH_UNIT', 'CLASS_HEAVY_CAVALRY'),
('ABILITY_SLTH_UNIT', 'CLASS_SIEGE'),
('ABILITY_SLTH_UNIT', 'CLASS_NAVAL_MELEE'),
('ABILITY_SLTH_UNIT', 'CLASS_NAVAL_RANGED'),
('ABILITY_SLTH_UNIT', 'CLASS_NAVAL_RAIDER'),
('ABILITY_SLTH_UNIT', 'CLASS_NAVAL_CARRIER'),
('ABILITY_SLTH_UNIT', 'CLASS_AIRCRAFT');

INSERT INTO Tags(Tag, Vocabulary) VALUES
('CLASS_SLTH_UNIT', 'ABILITY_CLASS');

INSERT INTO UnitAbilityModifiers(UnitAbilityType, ModifierId) VALUES
('ABILITY_SLTH_UNIT_ATTACH', 'MODIFIER_ABILITY_SLTH_UNIT_ATTACH');

INSERT INTO UnitAbilities(UnitAbilityType, Name, Description, Inactive) VALUES
('ABILITY_SLTH_UNIT_ATTACH', 'LOC_ABILITY_SLTH_UNIT_ATTACH_NAME', 'LOC_ABILITY_SLTH_UNIT_ATTACH_NAME', 0),
('ABILITY_SLTH_UNIT', 'LOC_ABILITY_SLTH_UNIT_NAME', 'LOC_ABILITY_SLTH_UNIT_NAME', 1);

INSERT INTO Modifiers(ModifierId, ModifierType, SubjectRequirementSetId) VALUES
('MODIFIER_ABILITY_SLTH_UNIT_ATTACH', 'MODIFIER_PLAYER_UNITS_GRANT_ABILITY', 'SLTH_ON_SAME_TILE');

INSERT INTO ModifierArguments(ModifierId, Name, Value) VALUES
('MODIFIER_ABILITY_SLTH_UNIT_ATTACH', 'AbilityType', 'ABILITY_SLTH_UNIT');

-------------------------Actual Modifiers given by support units -------------------------------

INSERT INTO UnitAbilityModifiers(UnitAbilityType, ModifierId) VALUES
('ABILITY_SLTH_UNIT', 'ESCORT_MOBILITY_SHARED_MOVEMENT'),
('ABILITY_SLTH_UNIT', 'SLTH_MOVEMENT');

INSERT INTO ModifierArguments(ModifierId, Name, Type, Value) VALUES
('SLTH_MOVEMENT', 'Amount', 'ARGTYPE_IDENTITY', '8');

INSERT INTO Modifiers(ModifierId, ModifierType) VALUES
('SLTH_MOVEMENT', 'MODIFIER_PLAYER_UNIT_ADJUST_MOVEMENT');


-----   second equipment ---------------------------------------------------------------------------------------------

INSERT INTO Types(Type, Kind) VALUES ('FORMATION_CLASS_SLTH_SWORD', 'KIND_FORMATION_CLASS'),
                                     ('SLTH_UNIT_DAMAGE', 'KIND_UNIT'),
                                     ('ABILITY_SLTH_UNIT_DAMAGE', 'KIND_ABILITY'),
                                     ('ABILITY_SLTH_UNIT_DAMAGE_ATTACH', 'KIND_ABILITY');

INSERT INTO UnitFormationClasses(FormationClassType, Name) VALUES ('FORMATION_CLASS_SLTH_SWORD', 'LOC_FORMATION_CLASS_SLTH_SWORD');

INSERT INTO Units(UnitType, IgnoreMoves, Stackable, BaseMoves, FormationClass, Description, Name, Combat, PurchaseYield, CanCapture, PromotionClass, Cost, BaseSightRange, Domain) VALUES
('SLTH_UNIT_DAMAGE', '0', '0', '1', 'FORMATION_CLASS_SLTH_SWORD', 'LOC_SLTH_UNIT_DAMAGE_HUNTER_DESCRIPTION', 'SWORD_OF_STABBING', '4', 'YIELD_GOLD', 1, 'PROMOTION_CLASS_RECON', '60', '2', 'DOMAIN_LAND');

INSERT INTO UnitCaptures(CapturedUnitType, BecomesUnitType) VALUES
('SLTH_UNIT_DAMAGE', 'SLTH_UNIT_DAMAGE');

INSERT INTO TypeTags(Type, Tag) VALUES
('SLTH_UNIT_DAMAGE', 'CLASS_SLTH_UNIT_DAMAGE'),
('SLTH_UNIT_DAMAGE', 'CLASS_SUPPORT'),
('SLTH_UNIT_DAMAGE', 'CLASS_ALL_ERAS'),
('ABILITY_SLTH_UNIT_DAMAGE_ATTACH', 'CLASS_SLTH_UNIT_DAMAGE'),
('ABILITY_SLTH_UNIT_DAMAGE', 'CLASS_RECON'),
('ABILITY_SLTH_UNIT_DAMAGE', 'CLASS_MELEE'),
('ABILITY_SLTH_UNIT_DAMAGE', 'CLASS_RANGED'),
('ABILITY_SLTH_UNIT_DAMAGE', 'CLASS_ANTI_CAVALRY'),
('ABILITY_SLTH_UNIT_DAMAGE', 'CLASS_LIGHT_CAVALRY'),
('ABILITY_SLTH_UNIT_DAMAGE', 'CLASS_HEAVY_CAVALRY'),
('ABILITY_SLTH_UNIT_DAMAGE', 'CLASS_SIEGE'),
('ABILITY_SLTH_UNIT_DAMAGE', 'CLASS_NAVAL_MELEE'),
('ABILITY_SLTH_UNIT_DAMAGE', 'CLASS_NAVAL_RANGED'),
('ABILITY_SLTH_UNIT_DAMAGE', 'CLASS_NAVAL_RAIDER'),
('ABILITY_SLTH_UNIT_DAMAGE', 'CLASS_NAVAL_CARRIER'),
('ABILITY_SLTH_UNIT_DAMAGE', 'CLASS_AIRCRAFT');

INSERT INTO Tags(Tag, Vocabulary) VALUES
('CLASS_SLTH_UNIT_DAMAGE', 'ABILITY_CLASS');

INSERT INTO UnitAbilityModifiers(UnitAbilityType, ModifierId) VALUES
('ABILITY_SLTH_UNIT_DAMAGE_ATTACH', 'MODIFIER_ABILITY_SLTH_UNIT_DAMAGE_ATTACH');

INSERT INTO UnitAbilities(UnitAbilityType, Name, Description, Inactive) VALUES
('ABILITY_SLTH_UNIT_DAMAGE_ATTACH', 'LOC_ABILITY_SLTH_UNIT_DAMAGE_ATTACH_NAME', 'LOC_ABILITY_SLTH_UNIT_DAMAGE_ATTACH_NAME', 0),
('ABILITY_SLTH_UNIT_DAMAGE', 'LOC_ABILITY_SLTH_UNIT_DAMAGE_NAME', 'LOC_ABILITY_SLTH_UNIT_DAMAGE_NAME', 1);

INSERT INTO Modifiers(ModifierId, ModifierType, SubjectRequirementSetId) VALUES
('MODIFIER_ABILITY_SLTH_UNIT_DAMAGE_ATTACH', 'MODIFIER_PLAYER_UNITS_GRANT_ABILITY', 'SLTH_ON_SAME_TILE');

INSERT INTO ModifierArguments(ModifierId, Name, Value) VALUES
('MODIFIER_ABILITY_SLTH_UNIT_DAMAGE_ATTACH', 'AbilityType', 'ABILITY_SLTH_UNIT_DAMAGE');

-------------------------Actual Modifiers given by support units -------------------------------

INSERT INTO UnitAbilityModifiers(UnitAbilityType, ModifierId) VALUES
('ABILITY_SLTH_UNIT_DAMAGE', 'ESCORT_MOBILITY_SHARED_MOVEMENT'),
('ABILITY_SLTH_UNIT_DAMAGE', 'SLTH_SWORD_STRENGTH');

INSERT INTO ModifierArguments(ModifierId, Name, Type, Value) VALUES
('SLTH_SWORD_STRENGTH', 'Amount', 'ARGTYPE_IDENTITY', '10');

INSERT INTO Modifiers(ModifierId, ModifierType) VALUES
('SLTH_SWORD_STRENGTH', 'MODIFIER_UNIT_ADJUST_COMBAT_STRENGTH');


